Accuracy,Precision,Recall,F1_Score,AUC
0.8867924528301887,0.9183673469387755,0.8490566037735849,0.8823529411764706,0.9522961908152369
